<?xml version="1.0" encoding="utf-8"?><feed xmlns="http://www.w3.org/2005/Atom" ><generator uri="https://jekyllrb.com/" version="4.2.2">Jekyll</generator><link href="/feed.xml" rel="self" type="application/atom+xml" /><link href="/" rel="alternate" type="text/html" /><updated>2022-05-05T00:45:16+05:30</updated><id>/feed.xml</id><title type="html">Kundan bora</title><subtitle>Remote fullstack developer made several web, android applications and games.</subtitle><entry><title type="html">Website for hosting rust game server</title><link href="/2022/05/03/game-server-hosting-website.html" rel="alternate" type="text/html" title="Website for hosting rust game server" /><published>2022-05-03T00:43:33+05:30</published><updated>2022-05-03T00:43:33+05:30</updated><id>/2022/05/03/game-server-hosting-website</id><content type="html" xml:base="/2022/05/03/game-server-hosting-website.html"><![CDATA[<p>How to make a game server for rust game ?</p>]]></content><author><name></name></author><summary type="html"><![CDATA[How to make a game server for rust game ?]]></summary></entry><entry><title type="html">Matrix Game Engine</title><link href="/2022/05/03/game-engine-with-lwjgl.html" rel="alternate" type="text/html" title="Matrix Game Engine" /><published>2022-05-03T00:42:33+05:30</published><updated>2022-05-03T00:42:33+05:30</updated><id>/2022/05/03/game-engine-with-lwjgl</id><content type="html" xml:base="/2022/05/03/game-engine-with-lwjgl.html"><![CDATA[<p>Why make game engine if it is already avialable ?</p>]]></content><author><name></name></author><summary type="html"><![CDATA[Why make game engine if it is already avialable ?]]></summary></entry></feed>