<?xml version="1.0" encoding="utf-8"?><feed xmlns="http://www.w3.org/2005/Atom" ><generator uri="https://jekyllrb.com/" version="4.2.2">Jekyll</generator><link href="http://localhost:4000/feed.xml" rel="self" type="application/atom+xml" /><link href="http://localhost:4000/" rel="alternate" type="text/html" /><updated>2022-07-21T00:41:04+05:30</updated><id>http://localhost:4000/feed.xml</id><title type="html">Kundan bora</title><subtitle>Remote fullstack developer made several web, android applications and games.</subtitle><entry><title type="html">Clock Widget X</title><link href="http://localhost:4000/2022/05/05/clock-widget-x.html" rel="alternate" type="text/html" title="Clock Widget X" /><published>2022-05-05T17:00:00+05:30</published><updated>2022-05-05T17:00:00+05:30</updated><id>http://localhost:4000/2022/05/05/clock-widget-x</id><content type="html" xml:base="http://localhost:4000/2022/05/05/clock-widget-x.html"><![CDATA[<h2 id="fully-customizable-clock">Fully customizable clock</h2>

<p>I searched for clocks on the play store find many but noticed many of them don’t have a second hand and we can’t customize much in those clocks.
So I thought let’s make one with full customization. I love polishing my math skill in this app all logics are around math.</p>

<h3 id="why-second-hand-is-big-deal">Why second hand is big deal?</h3>

<p>In android, google supports those apps that take less battery. In the higher version of Android, there is also a battery optimization option so the user has to manually change the setting for an app that is running in the background. In this app, we need to run the service in the background so we can run the clock every time that is not the case if we only have a minute or hour hand because we have to refresh our clock each second we have to run the service.</p>

<h3 id="how-much-we-can-customize-the-clock">How much we can customize the clock?</h3>

<p>You can customize each part of the clock here we have 3 circles, 3 clock hands, and hour text you can change all of them to your custom color.</p>

<h3 id="how-to-add-a-widget">How to add a widget?</h3>

<p>Android has a widget tool that shows on the home screen. First, hold touch on the black home screen then you will see the widget option then choose clock widget x drag it to the home screen you will have your customized clock.</p>]]></content><author><name></name></author><summary type="html"><![CDATA[Fully customizable clock]]></summary></entry><entry><title type="html">Crack Icons</title><link href="http://localhost:4000/2022/05/05/crack-icon-pack.html" rel="alternate" type="text/html" title="Crack Icons" /><published>2022-05-05T17:00:00+05:30</published><updated>2022-05-05T17:00:00+05:30</updated><id>http://localhost:4000/2022/05/05/crack-icon-pack</id><content type="html" xml:base="http://localhost:4000/2022/05/05/crack-icon-pack.html"><![CDATA[<h1 id="icon-pack-app">Icon pack app.</h1>

<h3 id="what-is-an-icon-pack">What is an icon pack?</h3>

<p>I want to make my android apps icons look better so I searched on the play store for the icon pack application I found various apps that provide good icon packs. I was developing android apps at that time so I also wanted to know how these apps were made so I searched for open-source applications I found one <a href="https://github.com/danimahardhika/candybar-library">Candy Bar library</a>  I studied their code and then I thought maybe I can make one so I made one <a href="https://play.google.com/store/apps/details?id=com.icon.pack.crack&amp;hl=en&amp;gl=US">Crack icon pack</a></p>

<p>I used Adobe Photoshop and Adobe Illustrator to make icons. I enjoyed it very much and learned much from designing icons.</p>

<h4 id="type-of-icons">Type of icons</h4>

<p>When we see our phone we don’t notice much about icons but you can notice you have various types of icons in your android phone. Some are following</p>

<ul>
  <li>Icon back</li>
  <li>Calendar Icons</li>
</ul>

<h3 id="how-to-install-the-icon-pack">How to install the Icon pack?</h3>

<p>Our android phone has a launcher that shows our home screen but we can’t change much on our default launcher. For example, we can’t change icons with our default launcher you can install one launcher from the play store that will provide you with various customization settings.</p>]]></content><author><name></name></author><summary type="html"><![CDATA[Icon pack app.]]></summary></entry><entry><title type="html">Ev Charging Station Finder</title><link href="http://localhost:4000/2022/05/05/ev-charging-station-map.html" rel="alternate" type="text/html" title="Ev Charging Station Finder" /><published>2022-05-05T17:00:00+05:30</published><updated>2022-05-05T17:00:00+05:30</updated><id>http://localhost:4000/2022/05/05/ev-charging-station-map</id><content type="html" xml:base="http://localhost:4000/2022/05/05/ev-charging-station-map.html"><![CDATA[<p>App About EV charging .</p>]]></content><author><name></name></author><summary type="html"><![CDATA[App About EV charging .]]></summary></entry><entry><title type="html">Lit up the tile</title><link href="http://localhost:4000/2022/05/05/lit-up-the-light.html" rel="alternate" type="text/html" title="Lit up the tile" /><published>2022-05-05T17:00:00+05:30</published><updated>2022-05-05T17:00:00+05:30</updated><id>http://localhost:4000/2022/05/05/lit-up-the-light</id><content type="html" xml:base="http://localhost:4000/2022/05/05/lit-up-the-light.html"><![CDATA[<p>An android game.</p>]]></content><author><name></name></author><summary type="html"><![CDATA[An android game.]]></summary></entry><entry><title type="html">Rotate hex pro</title><link href="http://localhost:4000/2022/05/05/rotate-hex-pro.html" rel="alternate" type="text/html" title="Rotate hex pro" /><published>2022-05-05T17:00:00+05:30</published><updated>2022-05-05T17:00:00+05:30</updated><id>http://localhost:4000/2022/05/05/rotate-hex-pro</id><content type="html" xml:base="http://localhost:4000/2022/05/05/rotate-hex-pro.html"><![CDATA[<p>An android game.</p>]]></content><author><name></name></author><summary type="html"><![CDATA[An android game.]]></summary></entry><entry><title type="html">Website for hosting rust game server</title><link href="http://localhost:4000/2022/05/03/game-server-hosting-website.html" rel="alternate" type="text/html" title="Website for hosting rust game server" /><published>2022-05-03T00:43:33+05:30</published><updated>2022-05-03T00:43:33+05:30</updated><id>http://localhost:4000/2022/05/03/game-server-hosting-website</id><content type="html" xml:base="http://localhost:4000/2022/05/03/game-server-hosting-website.html"><![CDATA[<p>How to make a game server for rust game ?</p>]]></content><author><name></name></author><summary type="html"><![CDATA[How to make a game server for rust game ?]]></summary></entry><entry><title type="html">Matrix Game Engine</title><link href="http://localhost:4000/2022/05/03/game-engine-with-lwjgl.html" rel="alternate" type="text/html" title="Matrix Game Engine" /><published>2022-05-03T00:42:33+05:30</published><updated>2022-05-03T00:42:33+05:30</updated><id>http://localhost:4000/2022/05/03/game-engine-with-lwjgl</id><content type="html" xml:base="http://localhost:4000/2022/05/03/game-engine-with-lwjgl.html"><![CDATA[<p>Why make game engine if it is already avialable ?</p>]]></content><author><name></name></author><summary type="html"><![CDATA[Why make game engine if it is already avialable ?]]></summary></entry></feed>