<?xml version="1.0" encoding="utf-8"?><feed xmlns="http://www.w3.org/2005/Atom" ><generator uri="https://jekyllrb.com/" version="4.2.2">Jekyll</generator><link href="http://localhost:4000/feed.xml" rel="self" type="application/atom+xml" /><link href="http://localhost:4000/" rel="alternate" type="text/html" /><updated>2022-08-27T12:36:40+05:30</updated><id>http://localhost:4000/feed.xml</id><title type="html">Kundan bora</title><subtitle>Remote fullstack developer made several web, android applications and games.</subtitle><entry><title type="html">Clock Widget X</title><link href="http://localhost:4000/2022/05/05/clock-widget-x.html" rel="alternate" type="text/html" title="Clock Widget X" /><published>2022-05-05T17:00:00+05:30</published><updated>2022-05-05T17:00:00+05:30</updated><id>http://localhost:4000/2022/05/05/clock-widget-x</id><content type="html" xml:base="http://localhost:4000/2022/05/05/clock-widget-x.html"><![CDATA[<h2 id="fully-customizable-clock">Fully customizable clock</h2>

<p>I searched for clocks on the play store find many but noticed many of them don’t have a second hand and we can’t customize much in those clocks.
So I thought let’s make one with full customization. I love polishing my math skill in this app all logics are around math.</p>

<h3 id="why-second-hand-is-big-deal">Why second hand is big deal?</h3>

<p>In android, google supports those apps that take less battery. In the higher version of Android, there is also a battery optimization option so the user has to manually change the setting for an app that is running in the background. In this app, we need to run the service in the background so we can run the clock every time that is not the case if we only have a minute or hour hand because we have to refresh our clock each second we have to run the service.</p>

<h3 id="how-much-we-can-customize-the-clock">How much we can customize the clock?</h3>

<p>You can customize each part of the clock here we have 3 circles, 3 clock hands, and hour text you can change all of them to your custom color.</p>

<h3 id="how-to-add-a-widget">How to add a widget?</h3>

<p>Android has a widget tool that shows on the home screen. First, hold touch on the black home screen then you will see the widget option then choose clock widget x drag it to the home screen you will have your customized clock.</p>]]></content><author><name></name></author><summary type="html"><![CDATA[Fully customizable clock]]></summary></entry><entry><title type="html">Crack Icons</title><link href="http://localhost:4000/2022/05/05/crack-icon-pack.html" rel="alternate" type="text/html" title="Crack Icons" /><published>2022-05-05T17:00:00+05:30</published><updated>2022-05-05T17:00:00+05:30</updated><id>http://localhost:4000/2022/05/05/crack-icon-pack</id><content type="html" xml:base="http://localhost:4000/2022/05/05/crack-icon-pack.html"><![CDATA[<h1 id="icon-pack-app">Icon pack app.</h1>

<h3 id="what-is-an-icon-pack">What is an icon pack?</h3>

<p>I want to make my android apps icons look better so I searched on the play store for the icon pack application I found various apps that provide good icon packs. I was developing android apps at that time so I also wanted to know how these apps were made so I searched for open-source applications I found one <a href="https://github.com/danimahardhika/candybar-library">Candy Bar library</a>  I studied their code and then I thought maybe I can make one so I made one <a href="https://play.google.com/store/apps/details?id=com.icon.pack.crack&amp;hl=en&amp;gl=US">Crack icon pack</a></p>

<p>I used Adobe Photoshop and Adobe Illustrator to make icons. I enjoyed it very much and learned much from designing icons.</p>

<p><img src="/assets/img/icon.jpg" class="" alt="icons" /></p>

<h4 id="type-of-icons">Type of icons</h4>

<p>When we see our phone we don’t notice much about icons but you can notice you have various types of icons in your android phone. Some are following</p>

<ul>
  <li>Icon back</li>
  <li>Calendar Icons</li>
</ul>

<h3 id="how-to-install-the-icon-pack">How to install the Icon pack?</h3>

<p>Our android phone has a launcher that shows our home screen but we can’t change much on our default launcher. For example, we can’t change icons with our default launcher you can install one launcher from the play store that will provide you with various customization settings.</p>]]></content><author><name></name></author><summary type="html"><![CDATA[Icon pack app.]]></summary></entry><entry><title type="html">Ev Charging Station Finder</title><link href="http://localhost:4000/ev-charging-station-finder/" rel="alternate" type="text/html" title="Ev Charging Station Finder" /><published>2022-05-05T17:00:00+05:30</published><updated>2022-05-05T17:00:00+05:30</updated><id>http://localhost:4000/ev-charging-station-map</id><content type="html" xml:base="http://localhost:4000/ev-charging-station-finder/"><![CDATA[<h3 id="project-details">Project Details</h3>
<ul>
  <li><strong>Date</strong>: 2019</li>
  <li><strong>Project link</strong>: <a href="https://github.com/kundan333/Ev-Charging-Station-Finder">Ev charging station finder</a></li>
  <li><strong>Technology</strong>: Android, Google Map API, Java</li>
</ul>

<h3 id="introduction">Introduction</h3>

<p>You can register EV stations with location then users will find the EV station on this application.
It is a simple android application like  Uber or OLA. If you have an electronic vehicle, you can find charging stations on this application.</p>

<h3 id="technology">Technology</h3>

<p>We have used android, java, and google Maps API (to detect your location) in this application.</p>

<h3 id="screenshots">Screenshots</h3>]]></content><author><name></name></author><summary type="html"><![CDATA[Project Details Date: 2019 Project link: Ev charging station finder Technology: Android, Google Map API, Java]]></summary></entry><entry><title type="html">Lit up the tile</title><link href="http://localhost:4000/lit-up-the-tiles/" rel="alternate" type="text/html" title="Lit up the tile" /><published>2022-05-05T17:00:00+05:30</published><updated>2022-05-05T17:00:00+05:30</updated><id>http://localhost:4000/lit-up-the-tile</id><content type="html" xml:base="http://localhost:4000/lit-up-the-tiles/"><![CDATA[<h3 id="project-details">Project Details:</h3>
<ul>
  <li>Date: 2021</li>
  <li>Project link: <a href="lituptile.com">lituptile</a></li>
  <li>Technology: Java, Android, OpenGL ES</li>
</ul>

<h3 id="introduction">Introduction</h3>

<p>It is a simple endless game. You have to cross each tile with overlapping
the little snake you get. Because it is an endless game as you play and
move through the tiles your score will increase as well as the speed of 
the moving objects in the game.</p>

<h3 id="technology">Technology</h3>

<p>The game is made with a custom OpenGL ES game engine.</p>

<h3 id="screenshots">Screenshots</h3>]]></content><author><name></name></author><summary type="html"><![CDATA[Project Details: Date: 2021 Project link: lituptile Technology: Java, Android, OpenGL ES]]></summary></entry><entry><title type="html">Rotate hex pro</title><link href="http://localhost:4000/rotate-hex-pro/" rel="alternate" type="text/html" title="Rotate hex pro" /><published>2022-05-05T17:00:00+05:30</published><updated>2022-05-05T17:00:00+05:30</updated><id>http://localhost:4000/rotate-hex-pro</id><content type="html" xml:base="http://localhost:4000/rotate-hex-pro/"><![CDATA[<h2 id="project-details">Project details</h2>
<ul>
  <li>Date: 2021</li>
  <li>Project link: <a href="https://play.google.com/store/apps/details?id=com.triplethree.hexcolorpuzzle&amp;hl=en&amp;gl=US">Rotate Hex</a></li>
  <li>Technology: Java, Android, OpenGL ES</li>
</ul>

<p>Rotate hex pro is an artistic puzzle game.</p>

<h2 id="introduction">Introduction</h2>

<p>In the beginning, you get pieces of a picture. The goal is to rotate the parts and make the whole correct picture, for motivation I made a highway that has various vehicles running as  you pass levels you will get new vehicles on road.</p>

<h2 id="technology">Technology</h2>

<p>The game is made from scratch with a custom OpenGL ES game engine in java.</p>

<h2 id="artwork">Artwork</h2>

<p>I made all the artwork with the help of adobeAI. There are almost 500+ pieces of artwork.</p>

<h2 id="screenshots">Screenshots</h2>

<h2 id="artwork-showcase">Artwork showcase</h2>]]></content><author><name></name></author><summary type="html"><![CDATA[Project details Date: 2021 Project link: Rotate Hex Technology: Java, Android, OpenGL ES]]></summary></entry><entry><title type="html">Website for hosting rust game server</title><link href="http://localhost:4000/rust-game-server/" rel="alternate" type="text/html" title="Website for hosting rust game server" /><published>2022-05-03T00:43:33+05:30</published><updated>2022-05-03T00:43:33+05:30</updated><id>http://localhost:4000/game-server-hosting-website</id><content type="html" xml:base="http://localhost:4000/rust-game-server/"><![CDATA[<h3 id="project-details">Project Details</h3>

<ul>
  <li><strong>Date</strong>: 2021</li>
  <li><strong>Project demo link</strong> : <a href="https://rustserver.kundankb.com">rust server</a></li>
  <li><strong>Technology</strong>: LAMP, Go Language, Bash</li>
</ul>

<h3 id="introduction">Introduction</h3>

<p>It is a website hosting a <a href="https://store.steampowered.com/app/252490/Rust">rust</a> game server. If you are a gamer you definitely know the game <a href="https://store.steampowered.com/app/252490/Rust">rust</a> it has monthly 200k active players and is one of the top games on the steam platform.</p>

<p>You can host your own game server on this website. You will get your own custom-made control panel to customize your server. You will get 800+ Oxide/Umod mods that you can install with only one click.</p>

<h3 id="technology">Technology</h3>

<h4 id="lamp">LAMP</h4>

<p>LAMP architecture is used for making this web application.</p>

<h4 id="go-language">Go Language</h4>

<p>Go language is used for handling Redis server requests and to control the cron jobs.</p>

<h4 id="bash">Bash</h4>

<p>Bash custom-made application used for creating users on the server and giving them permission to handle server files.</p>]]></content><author><name></name></author><summary type="html"><![CDATA[Project Details]]></summary></entry><entry><title type="html">Matrix Game Engine</title><link href="http://localhost:4000/2022/05/03/game-engine-with-lwjgl.html" rel="alternate" type="text/html" title="Matrix Game Engine" /><published>2022-05-03T00:42:33+05:30</published><updated>2022-05-03T00:42:33+05:30</updated><id>http://localhost:4000/2022/05/03/game-engine-with-lwjgl</id><content type="html" xml:base="http://localhost:4000/2022/05/03/game-engine-with-lwjgl.html"><![CDATA[<h3 id="project-details">Project details</h3>

<ul>
  <li><strong>Date</strong>: 2016-2020</li>
  <li><strong>Project link</strong>: <a href="https://github.com/kundan333/Matrix-Game-Engine">Matrix game engine</a></li>
  <li><strong>Technology</strong>: Java, LWGJL, OpenGL</li>
</ul>

<h3 id="introduction">Introduction</h3>

<p>Game Engines are used to make games you can say if you want to make games first you need to make a game engine from scratch or pick an existing one if you are a game developer you definitely know some game engines like Unity, Unreal Engine, Godot, etc.</p>

<p>Almost all games you can divide into the following phases</p>

<ul>
  <li>Graphic design ( Artwork, Animation, Particle, etc. )</li>
  <li>Game Logic development ( AI, Physics, Level design, etc.)</li>
  <li>Music design (Game music, Objects sound, etc.)</li>
</ul>

<p>Now you need software that needs to combine all the above phases. You can make it one or select one game engine because it has all the above properties you do not need to choose a game engine for each of your games. You can make various games with the single game engine.</p>

<h3 id="made-with-matrix-game-engine">Made with matrix game engine</h3>

<p>All the games I made used matrix game engine some are</p>
<ul>
  <li><a href="https://play.google.com/store/apps/details?id=com.triplethree.hexcolorpuzzle&amp;hl=en&amp;gl=US">Rotate hex pro</a> (<a href="kundankb.com/rotate-hex-pro">check blog</a>)</li>
  <li><a href="">Lit up the tile</a> (<a href="kundankb.com/lit-up-the-tiles">check blog</a>)</li>
</ul>

<h3 id="technology">Technology</h3>

<p>Various technologies are used in matrix game engine</p>
<ul>
  <li><a href="https://www.khronos.org/opengl/wiki/Getting_Started">OpenGL</a></li>
  <li><a href="https://www.lwjgl.org/">LWJGL</a> (used various libraries like IMGUI, Png decoder )</li>
</ul>

<h3 id="demo-screenshots">Demo Screenshots</h3>]]></content><author><name></name></author><summary type="html"><![CDATA[Project details]]></summary></entry></feed>