<?xml version="1.0" encoding="utf-8"?><feed xmlns="http://www.w3.org/2005/Atom" ><generator uri="https://jekyllrb.com/" version="4.2.2">Jekyll</generator><link href="http://localhost:4000/feed.xml" rel="self" type="application/atom+xml" /><link href="http://localhost:4000/" rel="alternate" type="text/html" /><updated>2022-06-05T17:29:27+05:30</updated><id>http://localhost:4000/feed.xml</id><title type="html">Kundan bora</title><subtitle>Remote fullstack developer made several web, android applications and games.</subtitle><entry><title type="html">Clock Widget X</title><link href="http://localhost:4000/2022/05/05/clock-widget-x.html" rel="alternate" type="text/html" title="Clock Widget X" /><published>2022-05-05T17:00:00+05:30</published><updated>2022-05-05T17:00:00+05:30</updated><id>http://localhost:4000/2022/05/05/clock-widget-x</id><content type="html" xml:base="http://localhost:4000/2022/05/05/clock-widget-x.html"><![CDATA[<p>fully customizable clock</p>]]></content><author><name></name></author><summary type="html"><![CDATA[fully customizable clock]]></summary></entry><entry><title type="html">Crack Icons</title><link href="http://localhost:4000/2022/05/05/crack-icon-pack.html" rel="alternate" type="text/html" title="Crack Icons" /><published>2022-05-05T17:00:00+05:30</published><updated>2022-05-05T17:00:00+05:30</updated><id>http://localhost:4000/2022/05/05/crack-icon-pack</id><content type="html" xml:base="http://localhost:4000/2022/05/05/crack-icon-pack.html"><![CDATA[<p>Icon pack app.</p>]]></content><author><name></name></author><summary type="html"><![CDATA[Icon pack app.]]></summary></entry><entry><title type="html">Ev Charging Station Finder</title><link href="http://localhost:4000/2022/05/05/ev-charging-station-map.html" rel="alternate" type="text/html" title="Ev Charging Station Finder" /><published>2022-05-05T17:00:00+05:30</published><updated>2022-05-05T17:00:00+05:30</updated><id>http://localhost:4000/2022/05/05/ev-charging-station-map</id><content type="html" xml:base="http://localhost:4000/2022/05/05/ev-charging-station-map.html"><![CDATA[<p>App About EV charging .</p>]]></content><author><name></name></author><summary type="html"><![CDATA[App About EV charging .]]></summary></entry><entry><title type="html">Lit up the tile</title><link href="http://localhost:4000/2022/05/05/lit-up-the-light.html" rel="alternate" type="text/html" title="Lit up the tile" /><published>2022-05-05T17:00:00+05:30</published><updated>2022-05-05T17:00:00+05:30</updated><id>http://localhost:4000/2022/05/05/lit-up-the-light</id><content type="html" xml:base="http://localhost:4000/2022/05/05/lit-up-the-light.html"><![CDATA[<p>An android game.</p>]]></content><author><name></name></author><summary type="html"><![CDATA[An android game.]]></summary></entry><entry><title type="html">Rotate hex pro</title><link href="http://localhost:4000/2022/05/05/rotate-hex-pro.html" rel="alternate" type="text/html" title="Rotate hex pro" /><published>2022-05-05T17:00:00+05:30</published><updated>2022-05-05T17:00:00+05:30</updated><id>http://localhost:4000/2022/05/05/rotate-hex-pro</id><content type="html" xml:base="http://localhost:4000/2022/05/05/rotate-hex-pro.html"><![CDATA[<p>An android game.</p>]]></content><author><name></name></author><summary type="html"><![CDATA[An android game.]]></summary></entry><entry><title type="html">Website for hosting rust game server</title><link href="http://localhost:4000/2022/05/03/game-server-hosting-website.html" rel="alternate" type="text/html" title="Website for hosting rust game server" /><published>2022-05-03T00:43:33+05:30</published><updated>2022-05-03T00:43:33+05:30</updated><id>http://localhost:4000/2022/05/03/game-server-hosting-website</id><content type="html" xml:base="http://localhost:4000/2022/05/03/game-server-hosting-website.html"><![CDATA[<p>How to make a game server for rust game ?</p>]]></content><author><name></name></author><summary type="html"><![CDATA[How to make a game server for rust game ?]]></summary></entry><entry><title type="html">Matrix Game Engine</title><link href="http://localhost:4000/2022/05/03/game-engine-with-lwjgl.html" rel="alternate" type="text/html" title="Matrix Game Engine" /><published>2022-05-03T00:42:33+05:30</published><updated>2022-05-03T00:42:33+05:30</updated><id>http://localhost:4000/2022/05/03/game-engine-with-lwjgl</id><content type="html" xml:base="http://localhost:4000/2022/05/03/game-engine-with-lwjgl.html"><![CDATA[<p>Why make game engine if it is already avialable ?</p>]]></content><author><name></name></author><summary type="html"><![CDATA[Why make game engine if it is already avialable ?]]></summary></entry></feed>